tarih,bist100,bist100_gun_pct,rsi14,bist30,banka_gun_pct,tum_yukselen_pct,tum_taban,tum_medyan_pct,bist30_yukselen_pct,yapay_taban,kamu_alim_proxy,aofm,aofm_30g_puan,politika_faizi,yabanci_ort_oran,yabanci_hisse_net_hafta,brut_rezerv_4h_pct,tufe_aylik,dolar_makasi,usd,gram_altin,brent,vix,nasdaq_zirveden,fiyat_YLB,fiyat_IJV,fiyat_DLY,fiyat_TIE,fiyat_AKU,reel_net_YLB,reel_net_IJV,reel_net_DLY,sinif_ppf_1a,sinif_ppf_3a,sinif_tahvil_1a,sinif_tahvil_3a,sinif_kisa_borc_1a,sinif_kisa_borc_3a,sinif_tufe_1a,sinif_tufe_3a,sinif_katilim_1a,sinif_katilim_3a,sinif_altin_fon_1a,sinif_altin_fon_3a,sinif_eurobond_1a,sinif_eurobond_3a,sinif_bist_endeks_1a,sinif_bist_endeks_3a,fiyat_ZBJ,reel_net_ZBJ,sinif_kamu_borc_1a,sinif_kamu_borc_3a,sinif_ozel_borc_1a,sinif_ozel_borc_3a,sinif_karma_borc_1a,sinif_karma_borc_3a,sinif_iki_yil_eksi_politika,sinif_egri_egimi,sinif_pka_faiz_beklentisi
2026-09-22,13198.84,-1.04,35.2216,16217.83,0.27,55.3,84,0.36,43.3,False,VAR,37.0,-3.0,37.0,31.943,277.67,-1.13,1.84,16.96,48.8155,6812.904,100.09,14.21,0.0,1.8773,5.8236,6.2668,0.7556,0.9735,0.8,0.94,0.76,,,,,,,,,,,,,,,,,,,,,,,,,,,
2026-09-23,13251.85,0.4,36.5798,16370.07,0.1,33.6,69,-0.8,63.3,False,YOK,37.0,0.0,37.0,31.9777,277.67,-1.13,1.84,16.96,48.8189,6837.282,98.68,14.97,-0.68,1.8792,5.8296,6.274,0.7479,0.9662,0.62,0.74,0.58,,,,,,,,,,,,,,,,,,,,,,,,,,,
2026-09-24,12888.33,-2.74,31.675,15940.38,-3.06,10.3,71,-3.3,6.7,True,YOK,37.0,0.0,37.0,31.92,-109.83,-6.05,1.84,16.99,48.8284,6728.64,103.47,16.11,-0.94,1.8813,5.8351,6.281,0.7531,0.9746,0.62,0.69,0.59,,,,,,,,,,,,,,,,,,,,,,,,,,,
2026-09-25,12899.35,0.09,31.9728,15946.95,0.02,61.2,49,0.56,70.0,False,YOK,37.0,0.0,37.0,31.8067,-109.83,-6.05,1.84,17.27,48.9425,6708.716,107.08,15.04,-0.71,1.8831,5.8406,6.287,0.7332,0.9522,0.62,0.68,0.58,,,,,,,,,,,,,,,,,,,,,,,,,,,
2026-09-28,12592.76,-2.38,28.28,15648.91,-0.89,8.3,106,-5.28,13.3,True,VAR,37.0,0.0,37.0,32.031,-109.83,-6.05,1.84,17.44,49.0139,6740.799,97.48,16.26,-1.36,1.8885,5.857,6.3049,0.7322,0.9528,0.68,0.74,0.65,,,,,,,,,,,,,,,,,,,,,,,,,,,
2026-09-29,12290.58,-2.4,25.1916,15264.1,0.1,22.6,73,-1.69,13.3,True,GÜÇLÜ,37.0,0.0,37.0,31.943,-109.83,-6.05,1.84,17.37,48.9824,6479.85,98.6,16.31,-1.72,1.8903,5.8627,6.3111,0.7181,0.9367,0.77,0.82,0.73,,,,,,,,,,,,,,,,,,,,,,,,,,,
2026-09-30,11947.18,-2.79,22.2217,14842.04,-4.58,17.4,70,-2.3,0.0,True,YOK,37.0,0.0,37.0,31.8727,-109.83,-6.05,1.84,17.43,49.0102,6591.216,95.7,15.88,-0.7,1.8922,5.8684,6.3173,0.7003,0.9159,0.6,0.64,0.56,,,,,,,,,,,,,,,,,,,,,,,,,,,
2026-10-01,12249.04,2.53,30.0306,15218.47,1.94,83.2,39,3.76,83.3,False,YOK,37.0,0.0,37.0,33.0707,358.63,-7.66,1.84,17.49,49.0319,6551.8,97.99,16.98,-1.52,1.8938,5.8749,6.3221,0.6822,0.8943,0.59,0.63,0.54,2.9666,9.9447,2.1332,8.4277,2.7625,9.6075,1.5913,5.6179,1.2866,6.3838,-3.8611,8.0256,-0.4672,3.3297,-9.2858,-9.3376,5.3956,0.63,,,,,,,,,
2026-10-02,12270.18,0.17,30.5564,15205.39,-0.38,56.7,32,0.51,63.3,False,YOK,37.0,0.0,37.0,43.0786,358.63,-7.66,1.84,17.8,49.1605,6580.869,102.31,15.7,-0.17,1.8957,5.8808,6.3286,0.697,0.9144,0.59,0.61,0.54,2.9583,9.9363,,,2.7766,9.6023,1.5914,5.63,1.1497,6.3845,-2.7701,8.4991,-1.0796,2.3444,-7.139,-8.5275,5.4009,0.63,,,3.0022,9.8843,1.7337,7.0783,2.83,-4.29,
2026-10-05,12443.92,1.42,34.8873,15457.49,2.82,46.9,31,0.0,86.7,True,VAR,37.0,0.0,37.0,29.3108,358.63,-7.66,1.84,17.84,49.1791,6542.715,102.74,15.53,0.0,1.9012,5.8984,6.3466,0.6948,0.9132,0.68,0.7,0.62,2.7849,9.8062,,,2.6568,9.5314,1.4332,5.582,1.3233,6.3066,-4.3693,4.5987,-0.8834,2.5984,-6.0137,-8.7871,5.417,0.71,2.7243,9.0207,2.7856,9.7398,1.1761,6.709,2.74,-4.41,35.07
